queryID,query
Q1,"name=Sandra,city=Trani,age=57"
Q2,"name=Raffaellino,job=Surveyor insurance"
Q3,city=Messina
Q4,"city=Todi,age=50,job=Psychologist"
Q5,"name=Baldassare,city=Magenta"
Q6,"name=Eva,city=Anzio"
Q7,age=53
Q8,"city=Sarzana,job=Police officer"
Q9,"name=Ermanno,age=38"
Q10,"name=Ansaldo,job=Musician"
Q11,"name=Gianpietro,city=Cuneo"
Q12,"city=Cortina dâ€™Ampezzo,age=37"
Q13,"name=Maria,city=Foggia,age=64"
Q14,"name=Pasquale,job=Food technologist"
Q15,"name=Baccio,age=59,job=Dentist"
Q16,name=Raffaella
Q17,job=Herbalist
Q18,name=Giacomo
Q19,"name=Melissa,city=Siena"
Q20,"city=Gravina in Puglia,age=19,job=Dispensing optician"
Q21,"age=22,job=Management consultant"
Q22,"name=Ermes,job=Passenger transport manager"
Q23,"name=Monica,job=Journalist magazine"
Q24,job=Psychotherapist
Q25,name=Simonetta
Q26,name=Federica
Q27,"city=Tuscania,age=41"
Q28,"age=56,job=Meteorologist"
Q29,"name=Ignazio,city=Vittoria,job=Writer"
Q30,"name=Gaspare,city=Ercolano"
Q31,"age=45,job=Minerals surveyor"
Q32,"name=Enrico,city=Avola,age=24,job=Solicitor"
Q33,"name=Serena,age=65"
Q34,"city=Capua,age=47"
Q35,"name=Giustino,city=Castelvetrano,age=48,job=Journalist magazine"
Q36,name=Arnaldo
Q37,"city=Orvieto,age=42,job=Equality and diversity officer"
Q38,job=Journalist magazine
Q39,"name=Gino,city=Aversa,job=Counsellor"
Q40,city=Canosa di Puglia
Q41,"city=Terracina,job=Pharmacist"
Q42,"name=Isa,city=Avellino,age=65,job=Producer"
Q43,"city=Portici,age=26,job=Automotive engineer"
Q44,"name=Enzio,age=62,job=Chief of Staff"
Q45,"name=Enrico,city=Caserta"
Q46,"name=Toni,city=Rome,age=38"
Q47,"name=Federico,age=48,job=Television camera operator"
Q48,city=Modena
Q49,"name=Tonia,city=Aversa"
Q50,job=Designer
Q51,"name=Martino,city=Feltre"
Q52,"city=Bisceglie,age=41"
Q53,"name=Gioachino,age=43,job=Engineer aeronautical"
Q54,"name=Rossana,city=Barletta,age=43"
Q55,"name=Antonia,city=Venosa,age=44,job=Data scientist"
Q56,"age=40,job=Surveyor insurance"
Q57,city=Magenta
Q58,"city=Iglesias,age=42,job=Counsellor"
Q59,"city=Savona,age=24,job=Warehouse manager"
Q60,"city=Peschiera del Garda,age=33,job=Police officer"
Q61,age=43
Q62,"city=Aquino,age=22"
Q63,"city=Nola,age=55"
Q64,"name=Mario,city=Piedmont,age=26"
Q65,job=Physiological scientist
Q66,"age=40,job=Company secretary"
Q67,city=Cassino
Q68,"name=Rossana,job=Market researcher"
Q69,"city=Como,job=Art therapist"
Q70,"city=San Remo,age=20"
Q71,"name=Milo,job=Production assistant radio"
Q72,"name=Tonia,city=Syracuse"
Q73,"name=Pierangelo,city=Latina"
Q74,job=Exhibition designer
Q75,age=41
Q76,city=Casale Monferrato
Q77,"name=Eugenia,city=Lanciano,age=49,job=Counsellor"
Q78,"name=Coluccio,age=50"
Q79,"name=Annibale,age=40"
Q80,"name=Lando,job=Minerals surveyor"
Q81,"name=Ferdinando,age=62"
Q82,name=Aldo
Q83,"name=Gioele,city=Aquino,job=Science writer"
Q84,"name=Stefani,city=Guastalla,age=19"
Q85,city=Ancona
Q86,job=Paediatric nurse
Q87,"city=Catanzaro,job=Solicitor"
Q88,name=Anita
Q89,"name=Donatella,city=Gioia del Colle"
Q90,"city=Modena,age=54,job=Scientist"
Q91,"name=Victoria,age=27,job=Food technologist"
Q92,"city=Mantua,job=Art gallery manager"
Q93,"city=Vigevano,job=Art gallery manager"
Q94,"name=Salvatore,job=Producer"
Q95,"city=Trento,age=25"
Q96,"name=Damiano,city=Tarquinia,age=61"
Q97,"name=Simone,city=Gaeta,age=48,job=Restaurant manager"
Q98,"name=Concetta,city=Piacenza,job=Scientist"
Q99,"age=41,job=Politician's assistant"
Q100,"name=Virginia,age=23,job=Scientist"
Q101,"age=46,job=Science writer"
Q102,"name=Maurizio,job=Dentist"
Q103,"name=Amico,age=55,job=Food technologist"
Q104,"name=Gioachino,age=50"
Q105,job=Chiropodist
Q106,"city=Ercolano,job=Journalist magazine"
Q107,"age=43,job=Psychologist"
Q108,"name=Pomponio,job=Dispensing optician"
Q109,"name=Graziano,city=Gela,job=Records manager"
Q110,age=23
Q111,"name=Melissa,age=37"
Q112,"name=Carlo,city=Pistoia,age=31"
Q113,"city=Crotone,age=28,job=Physiological scientist"
Q114,"name=Giosu,city=Avola,job=Engineer biomedical"
Q115,"name=Dina,city=Lecco,job=Information officer"
Q116,"name=Diana,city=Alatri,age=39"
Q117,"age=29,job=Therapist sports"
Q118,"name=Dolores,city=Fondi"
Q119,"city=Vittoria,job=Art gallery manager"
Q120,"city=Fondi,job=Textile designer"
Q121,"name=Carmelo,age=37,job=Scientist"
Q122,"city=Ferentino,age=63,job=Chief of Staff"
Q123,"city=Marsala,age=35"
Q124,age=56
Q125,age=23
Q126,"name=Romina,job=Software engineer"
Q127,"city=Capannori,age=39,job=Engineer biomedical"
Q128,"name=Ignazio,city=Manfredonia,age=30,job=Production assistant radio"
Q129,"age=30,job=Chief of Staff"
Q130,age=45
Q131,"age=60,job=Data scientist"
Q132,job=Lecturer
Q133,"city=Emilia-Romagna,age=38"
Q134,"name=Guido,city=Trapani,age=31,job=Journalist magazine"
Q135,"name=Enrico,city=Novi Ligure,age=47"
Q136,"name=Patrizio,city=Genoa,age=21"
Q137,"city=Portofino,age=43"
Q138,"name=Ezio,city=Potenza,job=Furniture designer"
Q139,"name=Mario,city=Abruzzi,job=Chief of Staff"
Q140,name=Olga
Q141,"name=Vincenzo,city=Catania,job=Event organiser"
Q142,"name=Tullio,age=23"
Q143,"name=Lucia,city=Liguria"
Q144,"name=Arnaldo,city=Fossano"
Q145,"name=Gemma,age=54,job=Associate Professor"
Q146,"name=Simonetta,job=CEO"
Q147,"city=Cerignola,age=41"
Q148,city=Castellammare di Stabia
Q149,job=Restaurant manager
Q150,"city=Formia,job=Solicitor"
Q151,"name=Carolina,city=Tivoli,job=Information officer"
Q152,"name=Corrado,age=39,job=Engineer technical sales"
Q153,"name=Alderano,age=45"
Q154,job=Engineer biomedical
Q155,"city=Rieti,job=Automotive engineer"
Q156,"name=Antonella,city=Loreto,age=56,job=Records manager"
Q157,name=Martino
Q158,city=Padua
Q159,"age=34,job=Barista"
Q160,city=Tivoli
Q161,"name=Eliana,city=CefalÃ¹,age=30"
Q162,"age=50,job=Food technologist"
Q163,"name=Ermes,job=Banker"
Q164,"name=Ida,age=24,job=Musician"
Q165,name=Arsenio
Q166,job=Associate Professor
Q167,job=Designer
Q168,job=Programmer multimedia
Q169,city=Turin
Q170,"name=Durante,city=Fano,age=39"
Q171,"name=Cecilia,city=Venosa,job=Ergonomist"
Q172,"name=Imelda,age=58"
Q173,job=Chemist
Q174,age=38
Q175,name=Paola
Q176,"city=Rieti,age=40,job=Dispensing optician"
Q177,"name=Ezio,city=Tarquinia,age=22,job=Records manager"
Q178,age=24
Q179,"age=25,job=CEO"
Q180,age=51
Q181,"name=Raimondo,age=48"
Q182,"city=Venice,age=29,job=Scientist marine"
Q183,city=Pescara
Q184,"name=Bruno,city=Cori,age=21"
Q185,"name=Ignazio,age=30"
Q186,"name=Armando,city=Pinerolo"
Q187,"name=Elvira,job=Surveyor insurance"
Q188,"name=Cecilia,age=54"
Q189,"name=Lucio,city=Torre del Greco"
Q190,city=Pomigliano dâ€™Arco
Q191,city=Senigallia
Q192,job=Medical sales representative
Q193,"name=Fabio,city=Civitavecchia,age=20"
Q194,"name=Lando,age=30"
Q195,"name=Antonia,city=Tarquinia"
Q196,"name=Goffredo,age=20"
Q197,age=35
Q198,"name=Alberico,job=Event organiser"
Q199,"name=Giacobbe,city=Noto"
Q200,"name=Riccardo,age=21,job=Equality and diversity officer"
Q201,"city=Avola,job=Teacher"
Q202,"name=Angelina,age=64"
Q203,"city=Udine,age=42"
Q204,name=Simonetta
Q205,"name=Diana,city=Trapani,job=Teacher secondary school"
Q206,"name=Maria,city=Urbino,age=22"
Q207,"age=40,job=Company secretary"
Q208,"city=Saluzzo,job=Minerals surveyor"
Q209,"name=Torquato,city=Pesaro"
Q210,job=Event organiser
Q211,city=Centuripe
Q212,"name=Barbara,age=58"
Q213,job=Merchant navy officer
Q214,"name=Melissa,city=Aosta,job=Teacher secondary school"
Q215,city=Rivoli
Q216,city=Bari
Q217,"name=Matteo,city=Bergamo,job=Tour manager"
Q218,"name=Ramona,city=Pavia"
Q219,"name=Galasso,city=Todi,age=24,job=Education officer"
Q220,"city=Pescara,job=Exhibition designer"
Q221,"name=Victoria,city=Casale Monferrato"
Q222,age=28
Q223,age=60
Q224,"city=Merano,age=53"
Q225,"city=Corato,job=Catering manager"
Q226,"name=Armando,age=55"
Q227,"city=Monreale,age=46"
Q228,"name=Sabatino,city=Assisi,job=Scientist marine"
Q229,"name=Martino,age=24"
Q230,"name=Melina,age=35"
Q231,job=Technical sales engineer
Q232,"name=Enrico,city=Jesi,age=22"
Q233,"name=Giulio,city=Novara,age=50,job=Financial controller"
Q234,job=Television camera operator
Q235,"name=Melania,city=Cortona,age=65"
Q236,"name=Gustavo,job=Engineer biomedical"
Q237,"name=Fiorino,city=ForlÃ¬,age=25"
Q238,"name=Rita,job=Solicitor"
Q239,"name=Silvio,job=Medical sales representative"
Q240,age=39
Q241,"name=Adriano,age=59,job=Librarian"
Q242,"name=Diana,job=Librarian"
Q243,"city=Taormina,age=36,job=Art therapist"
Q244,"name=Girolamo,city=Trento"
Q245,"name=Alphons,city=Anzio"
Q246,age=53
Q247,"name=Diana,city=Aquino"
Q248,"name=Olga,city=Macerata,age=32,job=Haematologist"
Q249,"age=36,job=Barista"
Q250,"city=Pisa,job=Television camera operator"
Q251,age=45
Q252,"name=Giada,city=Fano,age=22"
Q253,name=Cipriano
Q254,"name=Serena,job=Neurosurgeon"
Q255,"city=Tarquinia,age=33,job=Company secretary"
Q256,city=Marino
Q257,"name=Rita,city=Potenza,job=Artist"
Q258,"name=Stefano,age=22,job=Psychologist"
Q259,"name=Pierangelo,job=Police officer"
Q260,"name=Matilda,city=Perugia,job=Dentist"
Q261,age=40
Q262,age=20
Q263,"city=Crotone,age=54,job=Psychologist"
Q264,"name=Sandro,city=Varese,age=42"
Q265,"name=Romina,job=Graphic designer"
Q266,job=Network engineer
Q267,"city=Tuscania,job=Food technologist"
Q268,"name=Imelda,age=24,job=Scientist marine"
Q269,"city=Sorrento,job=Psychologist"
Q270,"city=PaternÃ²,age=48,job=Theatre director"
Q271,name=Valentina
Q272,age=27
Q273,"name=Martina,city=Gioia del Colle"
Q274,"city=Modica,age=19,job=Passenger transport manager"
Q275,"name=Gioachino,city=Lecce,age=19,job=Producer television/film/video"
Q276,"name=Danilo,city=Frascati,age=31"
Q277,"name=Vincenza,city=Cortona,age=62,job=Solicitor"
Q278,"name=Vittoria,age=25,job=CEO"
Q279,"name=Elena,city=Noto,age=29"
Q280,"name=Luciano,city=Marche,age=48"
Q281,"city=Sora,age=33,job=Doctor"
Q282,"city=Catanzaro,age=44,job=Psychotherapist"
Q283,"name=Martina,city=Sicily,age=50"
Q284,"city=Lucca,age=21"
Q285,city=Schio
Q286,name=Costantino
Q287,"name=Pellegrino,city=Otranto,job=Doctor"
Q288,age=22
Q289,"name=Marcello,city=Monte Santâ€™Angelo,age=36,job=Engineer biomedical"
Q290,"age=31,job=Engineer aeronautical"
Q291,"name=Pomponio,age=36,job=Industrial buyer"
Q292,city=Volterra
Q293,city=Alcamo
Q294,"city=Spoleto,job=Contractor"
Q295,"name=Milo,city=Schio,age=46,job=Data scientist"
Q296,"name=Agostino,city=Sarzana,job=Scientist research"
Q297,"city=Civitanova Marche,age=27"
Q298,city=Ruvo di Puglia
Q299,"name=Uberto,city=Desio,job=Data scientist"
Q300,age=54
Q301,"city=Comiso,job=Barista"
Q302,"city=Grosseto,job=Public house manager"
Q303,"city=Palazzolo Acreide,age=22,job=Producer television/film/video"
Q304,"city=Venice,age=36,job=Production assistant radio"
Q305,"city=Favara,job=Psychologist"
Q306,job=Multimedia specialist
Q307,"name=Giuseppe,city=Castellammare di Stabia,age=23"
Q308,age=63
Q309,"age=51,job=Merchant navy officer"
Q310,"name=Pina,age=61,job=Chemist"
Q311,"name=Costanzo,job=Art gallery manager"
Q312,age=31
Q313,"name=Licia,job=Exhibition designer"
Q314,job=Theatre director
Q315,"name=Annunziata,city=Alcamo,age=55,job=Fashion designer"
Q316,city=Benevento
Q317,name=Francesca
Q318,"name=Gionata,city=Reggio di Calabria,age=58"
Q319,"age=23,job=Production assistant radio"
Q320,"name=Arnulfo,city=Trani,job=Television camera operator"
Q321,"name=Torquato,job=Producer television/film/video"
Q322,"name=Giulietta,city=Mirandola,age=62"
Q323,"name=Greca,city=Cesena,age=50,job=Psychotherapist"
Q324,name=Raimondo
Q325,"city=Forio,age=26"
Q326,"name=Sabatino,city=Carrara,age=54"
Q327,age=25
Q328,age=19
Q329,"name=Beppe,city=Avezzano,age=24"
Q330,"age=35,job=Records manager"
Q331,"name=Antonella,city=Viareggio,age=53"
Q332,"name=Ludovico,city=Ercolano,age=41,job=Science writer"
Q333,city=Cassino
Q334,name=Lazzaro
Q335,age=40
Q336,"name=Cassandra,city=Civitavecchia"
Q337,age=64
Q338,"name=Arnulfo,city=Piedmont,age=53,job=Designer"
Q339,age=52
Q340,age=49
Q341,"city=Nocera Inferiore,job=Data scientist"
Q342,"city=Benevento,age=64"
Q343,"name=Erika,city=Marino,age=58"
Q344,"city=Lazio,job=Warehouse manager"
Q345,"name=Lina,age=30"
Q346,"age=41,job=Textile designer"
Q347,"city=Cesena,job=Physiological scientist"
Q348,age=38
Q349,"name=Armando,age=58"
Q350,job=Associate Professor
Q351,"name=Raffaele,age=20"
Q352,city=Tarquinia
Q353,"name=Biagio,city=Friuliâ€“Venezia Giulia"
Q354,"name=Filippo,city=Andria"
Q355,city=Pescia
Q356,"name=Ramona,job=Exhibition designer"
Q357,"age=37,job=Barrister"
Q358,"name=Isa,age=27,job=Paediatric nurse"
Q359,"city=Syracuse,job=Technical sales engineer"
Q360,"name=Franco,city=Anzio,age=36"
Q361,name=Giulio
Q362,"age=61,job=Dispensing optician"
Q363,city=Sarno
Q364,"name=Achille,city=Pesaro,age=56,job=Education officer"
Q365,"city=Florence,age=63"
Q366,"name=Amleto,age=19"
Q367,"name=Francesca,age=20,job=Barrister"
Q368,"city=Desio,age=45"
Q369,"name=Irma,age=57,job=Production assistant radio"
Q370,"age=45,job=Surveyor insurance"
Q371,"name=Ida,city=Trento,age=21,job=Scientist"
Q372,city=Abruzzi
Q373,"city=Empoli,age=39,job=Producer"
Q374,"name=Sandra,city=Verona,job=Designer graphic"
Q375,"name=Pasquale,age=64,job=Fashion designer"
Q376,"name=Fabia,city=Venosa,age=34,job=Food technologist"
Q377,"name=Gianpietro,job=Associate Professor"
Q378,"age=64,job=CEO"
Q379,name=Giulia
Q380,"city=Vigevano,age=54,job=Teacher"
Q381,"name=Pasqual,age=51,job=Automotive engineer"
Q382,"name=Gianluca,city=Iglesias"
Q383,"city=Ivrea,job=Passenger transport manager"
Q384,age=21
Q385,"name=Ornella,city=Sassari,age=22,job=Therapist sports"
Q386,job=Haematologist
Q387,"age=60,job=Software engineer"
Q388,city=Terracina
Q389,"name=Piersanti,age=65"
Q390,age=31
Q391,city=Frosinone
Q392,"name=Pierluigi,city=Carpi,age=54,job=Production assistant radio"
Q393,"name=Vanessa,age=26,job=Art gallery manager"
Q394,name=Vanessa
Q395,"name=Claudia,age=56"
Q396,"name=Lolita,city=Ardea"
Q397,"name=Manuel,age=25,job=Musician"
Q398,"name=Azeglio,city=San Giuliano Terme,job=Textile designer"
Q399,"city=San Severo,age=62,job=Production assistant radio"
Q400,job=Exhibition designer
Q401,"name=Marcella,age=25,job=Engineer aeronautical"
Q402,"name=Alberico,city=Sessa Aurunca,job=Banker"
Q403,city=Nuoro
Q404,"name=Venancio,age=32,job=Paediatric nurse"
Q405,"name=Nanni,age=37,job=Engineer biomedical"
Q406,"name=Sandro,city=Bergamo,age=26"
Q407,"name=Cirillo,job=Engineer aeronautical"
Q408,"name=Lidia,job=Art gallery manager"
Q409,"name=Berenice,city=Cagliari,age=65"
Q410,age=57
Q411,"name=Nico,age=24"
Q412,city=Molise
Q413,city=Calabria
Q414,"name=Mirco,age=28"
Q415,age=57
Q416,"city=Milan,age=26"
Q417,"name=Ludovica,city=Formia"
Q418,"name=Armando,city=Porto Torres"
Q419,job=Programmer multimedia
Q420,"name=Salvatore,job=Paediatric nurse"
Q421,"name=Mario,city=Senigallia,age=58"
Q422,"city=Prato,age=48,job=Therapist sports"
Q423,"name=Calcedonio,city=CefalÃ¹,age=21"
Q424,"city=Monza,age=59,job=Barista"
Q425,city=Tarquinia
Q426,"name=Graziella,city=Portici"
Q427,"name=Vincentio,city=Oristano"
Q428,"city=Caltanissetta,age=62"
Q429,"city=Trani,age=57,job=Barista"
Q430,"name=Sole,city=Trieste,age=45,job=Company secretary"
Q431,"name=Gino,city=Rimini,age=61,job=Passenger transport manager"
Q432,"name=Flavio,age=56,job=Chiropodist"
Q433,"name=Tina,city=Alessandria"
Q434,"name=Edoardo,city=Taormina,job=Meteorologist"
Q435,age=22
Q436,age=45
Q437,"city=Novi Ligure,age=33,job=Industrial buyer"
Q438,"name=Luigi,city=Vicenza,age=32,job=Technical sales engineer"
Q439,"city=Ancona,job=Network engineer"
Q440,"age=37,job=Public house manager"
Q441,"name=Alphons,city=Bolzano,age=29"
Q442,"city=Trapani,age=54,job=Education officer"
Q443,job=Meteorologist
Q444,"city=Fano,age=25,job=Science writer"
Q445,name=Silvestro
Q446,"city=Sassari,age=46"
Q447,name=Margherita
Q448,"name=Matteo,city=Porto Torres,job=Metallurgist"
Q449,"city=Martina Franca,age=32"
Q450,"name=Ludovico,city=Verona,age=55,job=Physiological scientist"
Q451,"name=Eva,city=Alcamo"
Q452,"name=Fabrizio,age=43"
Q453,name=Puccio
Q454,"name=Stefano,city=Bordighera,age=36,job=Food technologist"
Q455,"name=Federigo,city=Manfredonia,age=23"
Q456,"city=Pozzuoli,age=32,job=Market researcher"
Q457,age=61
Q458,age=24
Q459,city=Mazara del Vallo
Q460,"city=Adria,job=Teacher secondary school"
Q461,age=57
Q462,"city=Taormina,job=Textile designer"
Q463,city=Catanzaro
Q464,city=San Giovanni Rotondo
Q465,"name=Sergius,age=41,job=Psychologist clinical"
Q466,"name=Lodovico,city=Fidenza,age=37"
Q467,age=59
Q468,age=60
Q469,city=Jesi
Q470,"name=Danilo,city=Marsala,age=33"
Q471,"name=Melina,age=20,job=Exhibition designer"
Q472,name=Luca
Q473,name=Simonetta
Q474,"name=Milo,age=29"
Q475,"name=Donatella,city=Bressanone"
Q476,"name=Bartolomeo,city=Ragusa,job=Network engineer"
Q477,"name=Torquato,city=Barletta,age=45,job=Microbiologist"
Q478,"age=56,job=Restaurant manager"
Q479,"name=Beatrice,age=36"
Q480,"city=Treviso,age=29,job=Company secretary"
Q481,"name=Antonella,age=29"
Q482,"name=Annalisa,city=Fiesole,age=47,job=Contractor"
Q483,"name=Telemaco,city=Venice,age=24,job=Furniture designer"
Q484,"name=Uberto,age=39,job=Information officer"
Q485,"name=Ernesto,city=Mola di Bari,job=Surveyor insurance"
Q486,"city=Manfredonia,age=36,job=CEO"
Q487,"city=Moncalieri,age=44,job=Surveyor insurance"
Q488,"city=Subiaco,job=Minerals surveyor"
Q489,"name=Gaspare,age=58"
Q490,"name=Maurizio,city=Manfredonia,job=Herbalist"
Q491,"city=Foggia,age=27"
Q492,name=Luisa
Q493,name=Annunziata
Q494,"name=Ermes,job=Musician"
Q495,"name=Corrado,age=56,job=Technical sales engineer"
Q496,"city=Modena,age=25,job=Barista"
Q497,"name=Fabio,city=Alatri,age=48,job=Lecturer"
Q498,"name=Rosina,city=Orvieto,age=37,job=Art therapist"
Q499,"name=Liana,city=Emilia-Romagna,age=24,job=Ergonomist"
Q500,city=Novi Ligure
Q501,age=54
Q502,"name=Niccol,city=Civita Castellana"
Q503,"name=Iolanda,city=Anzio"
Q504,age=28
Q505,city=Vittoria
Q506,"city=Barletta,job=Minerals surveyor"
Q507,"name=Sandro,city=Nola,age=42,job=Industrial buyer"
Q508,"city=Ventimiglia,age=60,job=Software engineer"
Q509,"name=Liliana,age=50"
Q510,age=44
Q511,"name=Sole,city=Varallo,age=40"
Q512,"city=ForlÃ¬,age=24,job=Physiological scientist"
Q513,"city=San Remo,age=30,job=Banker"
Q514,city=Alba
Q515,"name=Armando,age=21,job=Public house manager"
Q516,city=Stresa
Q517,"city=Corleone,job=Barrister"
Q518,age=54
Q519,"name=Flavio,city=Peschiera del Garda,age=39"
Q520,"name=Sandro,age=40"
Q521,"name=Ivo,age=49"
Q522,"name=Berenice,job=Network engineer"
Q523,"city=Portici,age=65"
Q524,age=50
Q525,job=Technical sales engineer
Q526,job=Company secretary
Q527,"city=Alba,job=Catering manager"
Q528,"name=Stefano,age=54,job=Microbiologist"
Q529,"name=Adele,city=Fabriano,age=22,job=Librarian"
Q530,"name=Dina,age=32,job=Police officer"
Q531,"city=Termini Imerese,age=36,job=Software engineer"
Q532,"name=Rosario,city=Pinerolo,job=Metallurgist"
Q533,"name=Adelmo,city=Alessandria"
Q534,city=Vercelli
Q535,city=Sassari
Q536,"name=Rosina,city=Macerata,age=36,job=Dispensing optician"
Q537,city=Trapani
Q538,"name=Temistocle,city=Monreale,job=Automotive engineer"
Q539,"name=Galasso,city=Anzio,job=Teacher secondary school"
Q540,age=20
Q541,name=Franco
Q542,"name=Mario,age=21"
Q543,"name=Ezio,city=NardÃ²"
Q544,"city=Ortona,age=20,job=Television production assistant"
Q545,"name=Giancarlo,city=Cuneo,age=40"
Q546,"name=Panfilo,age=64"
Q547,"name=Raffaella,city=Emilia-Romagna,job=Fashion designer"
Q548,age=34
Q549,"name=Orlando,age=53,job=Exhibition designer"
Q550,"name=Durante,city=Bagheria,job=CEO"
Q551,name=Germana
Q552,job=Scientist
Q553,"name=Venancio,city=Pomigliano dâ€™Arco,age=24,job=Designer"
Q554,job=Furniture designer
Q555,age=59
Q556,"city=Castellammare di Stabia,job=Doctor"
Q557,"age=59,job=Surveyor insurance"
Q558,"city=Capannori,age=34,job=Food technologist"
Q559,"city=Bitonto,age=62,job=Exhibition designer"
Q560,"name=Armando,city=Cortina dâ€™Ampezzo,age=53,job=Psychologist"
Q561,age=29
Q562,"name=Danilo,city=Bologna,age=36"
Q563,city=Magenta
Q564,city=Chieti
Q565,"city=Corleone,age=21"
Q566,"name=Ermenegildo,age=24,job=Designer"
Q567,job=Chiropodist
Q568,name=Adele
Q569,"city=Sardinia,age=47,job=Barrister"
Q570,"name=Enzio,city=Castellammare di Stabia,age=49"
Q571,"name=Mercedes,city=Potenza,age=45,job=Contractor"
Q572,"name=Stefani,age=26,job=Dispensing optician"
Q573,name=Giovanni
Q574,"name=Giulio,age=31"
Q575,"city=Taormina,age=27,job=Television production assistant"
Q576,city=Ceglie Messapico
Q577,age=20
Q578,name=Ferdinando
Q579,age=48
Q580,"name=Adelasia,city=Pinerolo,age=20,job=Merchant navy officer"
Q581,"city=Civita Castellana,age=50"
Q582,"name=Adelasia,job=Television production assistant"
Q583,"name=Lisa,city=Rieti,age=37,job=Warden"
Q584,age=53
Q585,age=19
Q586,job=Financial controller
Q587,job=Medical sales representative
Q588,"name=Isa,job=Chemist"
Q589,"city=Modena,age=20,job=Technical sales engineer"
Q590,"name=Calcedonio,age=57"
Q591,age=27
Q592,"city=Pozzuoli,age=22,job=Catering manager"
Q593,age=49
Q594,"name=Alessandra,city=Portofino"
Q595,"name=Donatella,city=Alatri"
Q596,"name=Goffredo,city=Monfalcone,age=61"
Q597,"age=46,job=Barista"
Q598,"city=Sesto San Giovanni,age=33"
Q599,"name=Sabatino,city=Manfredonia,age=27,job=Writer"
Q600,"name=Sandra,age=26"
Q601,"city=Busto Arsizio,age=30"
Q602,"age=29,job=Therapist sports"
Q603,"name=Paride,city=Cerignola"
Q604,"name=Fabio,job=Information officer"
Q605,name=Raffaella
Q606,"name=Gastone,city=Reggio nellâ€™Emilia,age=65"
Q607,age=35
Q608,"city=Vigevano,job=Records manager"
Q609,age=37
Q610,"name=Mattia,city=Capannori,age=36,job=Veterinary surgeon"
Q611,"name=Renzo,city=Fiesole,age=53"
Q612,"age=62,job=Broadcast presenter"
Q613,age=34
Q614,name=Tiziano
Q615,job=CEO
Q616,"name=Martino,age=35,job=Exhibition designer"
Q617,"name=Paride,age=39,job=Furniture designer"
Q618,"city=San Gimignano,age=23,job=Equality and diversity officer"
Q619,"city=Imola,job=Producer"
Q620,"name=Rosa,city=Reggio di Calabria"
Q621,"name=Biagio,age=37"
Q622,name=Lisa
Q623,"city=Mirandola,job=Barrister"
Q624,"name=Martino,job=Network engineer"
Q625,"name=Rosina,job=Paediatric nurse"
Q626,"city=Pomigliano dâ€™Arco,age=55"
Q627,city=Veneto
Q628,job=Recycling officer
Q629,"name=Fortunata,age=44"
Q630,"name=Carmelo,age=42"
Q631,"name=Napoleone,job=Art gallery manager"
Q632,"age=53,job=Programmer multimedia"
Q633,"name=Letizia,city=Augusta"
Q634,"name=Gioachino,job=Teacher secondary school"
Q635,"city=Palermo,job=Science writer"
Q636,"name=Atenulf,city=Cava de Tirreni"
Q637,"age=49,job=Journalist magazine"
Q638,"name=Dina,age=49"
Q639,job=Therapist sports
Q640,"name=Flavia,city=Ruvo di Puglia"
Q641,"name=Raffaele,city=Mestre"
Q642,"name=Ninetta,city=Trani,job=Barrister"
Q643,"city=Viareggio,job=Production assistant radio"
Q644,"city=Torre Annunziata,job=Exhibition designer"
Q645,"name=Adriana,city=Terni"
Q646,city=Cortina dâ€™Ampezzo
Q647,"name=Giulia,city=Bolzano,age=53"
Q648,"name=Alina,age=22,job=Designer"
Q649,name=Panfilo
Q650,age=29
Q651,city=Vercelli
Q652,"city=Narni,job=Company secretary"
Q653,"name=Eugenia,city=Taranto,age=56"
Q654,name=Cristina
Q655,"name=Etta,city=Mola di Bari,job=Broadcast presenter"
Q656,"age=30,job=Furniture designer"
Q657,"city=Oristano,age=25,job=Art gallery manager"
Q658,"name=Lucia,job=Scientist"
Q659,"name=Damiano,city=Anzio,job=Minerals surveyor"
Q660,"name=Sandro,age=34"
Q661,"city=Corato,job=Art gallery manager"
Q662,job=Barista
Q663,"city=Rovigo,age=57"
Q664,"name=Federico,city=Licata"
Q665,age=30
Q666,name=Nicola
Q667,"name=Bruno,age=41"
Q668,"name=Daria,city=Anagni"
Q669,job=Psychologist clinical
Q670,name=Simone
Q671,"age=34,job=Merchant navy officer"
Q672,"age=38,job=Haematologist"
Q673,"name=Federica,age=49,job=Police officer"
Q674,age=41
Q675,"name=Pasqual,age=51,job=Designer graphic"
Q676,job=Teacher
Q677,"city=Taranto,age=59,job=Lecturer"
Q678,"name=Ugolino,age=54,job=Scientist marine"
Q679,"name=Giacomo,job=Food technologist"
Q680,"name=Donatello,job=Dentist"
Q681,city=Prato
Q682,"city=Cascina,age=61"
Q683,name=Luisa
Q684,age=27
Q685,"city=Todi,age=38"
Q686,"name=Marco,job=Production assistant radio"
Q687,"name=Federigo,city=Aquileia,job=Textile designer"
Q688,"name=Luigina,city=Capannori,age=36,job=Exhibition designer"
Q689,"city=Fidenza,job=Haematologist"
Q690,name=Ermanno
Q691,job=Teacher secondary school
Q692,"name=Amico,age=22"
Q693,"name=Marcella,city=Corato,age=48,job=Chief of Staff"
Q694,"city=Ventimiglia,age=64,job=Merchant navy officer"
Q695,"name=Puccio,city=Basilicata,age=40"
Q696,"name=Alfio,job=Veterinary surgeon"
Q697,"name=Mario,age=35,job=Network engineer"
Q698,"city=Porto Torres,age=23,job=Dispensing optician"
Q699,"name=Azeglio,city=Caserta,job=Therapist sports"
Q700,"age=26,job=Producer"
Q701,"city=Torre del Greco,job=Fashion designer"
Q702,"name=Arnaldo,city=Chieti,age=29"
Q703,name=Loretta
Q704,"name=Stefani,city=Subiaco,age=21,job=Art gallery manager"
Q705,"name=Sandra,age=52"
Q706,"city=Florence,age=45"
Q707,job=Pharmacist
Q708,job=Exhibition designer
Q709,"name=Romeo,age=29"
Q710,city=Ariano Irpino
Q711,"name=Melina,job=Broadcast presenter"
Q712,"name=Tiziana,job=Market researcher"
Q713,city=Tarquinia
Q714,"name=Corrado,age=51,job=Data scientist"
Q715,"age=65,job=Records manager"
Q716,age=23
Q717,job=Psychotherapist
Q718,"city=Arezzo,age=29,job=Barista"
Q719,"name=Ansaldo,city=Capannori"
Q720,"city=Bari,age=53,job=Production assistant radio"
Q721,"age=30,job=Market researcher"
Q722,"name=Ornella,city=Vallombrosa,age=40"
Q723,"name=Livia,city=Magenta,age=48"
Q724,"city=Matera,age=24"
Q725,"city=Cava de Tirreni,age=36,job=Management consultant"
Q726,city=Civitanova Marche
Q727,"name=Fedele,age=41,job=Warehouse manager"
Q728,"name=Ugolino,city=Grottaglie,age=35,job=Programmer multimedia"
Q729,"name=Matteo,job=Scientist marine"
Q730,"city=Portici,age=36"
Q731,"name=Mauro,job=Financial controller"
Q732,"name=Gioachino,city=Alessandria"
Q733,age=35
Q734,job=Warehouse manager
Q735,"city=Benevento,job=Software engineer"
Q736,"city=Massa,age=44"
Q737,"name=Amleto,city=Aosta,job=Equality and diversity officer"
Q738,"name=Raffaella,city=Caserta,age=65,job=Data scientist"
Q739,"name=Elladio,age=47"
Q740,"name=Orazio,city=Marsala,age=65,job=Librarian"
Q741,"name=Leone,job=Herbalist"
Q742,"city=Fano,age=48,job=Catering manager"
Q743,"name=Giulia,city=Sarno"
Q744,"name=Ignazio,job=CEO"
Q745,"name=Letizia,city=Portici,age=53"
Q746,"name=Elladio,city=Palazzolo Acreide,age=44,job=Writer"
Q747,"name=Ermes,job=Market researcher"
Q748,age=32
Q749,job=Theatre director
Q750,"city=Milazzo,age=31,job=Education officer"
Q751,age=50
Q752,job=Graphic designer
Q753,"age=54,job=Psychotherapist"
Q754,"name=Giuliano,city=Ferentino,job=Graphic designer"
Q755,"age=24,job=Catering manager"
Q756,"name=Piergiorgio,city=San Giuliano Terme,job=Restaurant manager"
Q757,"name=Olga,city=Tarquinia,age=47"
Q758,"city=Pavia,job=Software engineer"
Q759,"name=Paloma,city=Crotone,age=32"
Q760,name=Pasqual
Q761,"name=Ermenegildo,age=32"
Q762,"name=Armando,job=Dentist"
Q763,city=Pescara
Q764,"name=Allegra,city=Guastalla,age=28,job=Television camera operator"
Q765,"age=42,job=Furniture designer"
Q766,"name=Ludovico,age=52"
Q767,"name=Marcella,job=Company secretary"
Q768,age=39
Q769,"city=Melfi,job=Production assistant radio"
Q770,"city=Valle dâ€™Aosta,age=19,job=Management consultant"
Q771,"name=Venancio,city=Bergamo,age=61"
Q772,"name=Greca,job=Automotive engineer"
Q773,city=Crema
Q774,"name=Bernardo,city=Venice,age=54,job=Management consultant"
Q775,"city=Empoli,age=24"
Q776,"name=Roman,age=46"
Q777,"city=Gorgonzola,job=Doctor"
Q778,job=Engineer biomedical
Q779,name=Alderano
Q780,age=35
Q781,"city=Bisceglie,job=Scientist"
Q782,"name=Gioele,age=25,job=Engineer biomedical"
Q783,"name=Graziano,city=Macerata,age=63,job=Librarian"
Q784,"city=Castellammare di Stabia,job=Company secretary"
Q785,"city=Massa,job=Restaurant manager"
Q786,name=Biagio
Q787,age=52
Q788,"name=Damiano,job=Psychologist clinical"
Q789,age=61
Q790,job=Programmer multimedia
Q791,"name=Caterina,city=Ariano Irpino,job=Exhibition designer"
Q792,"age=27,job=CEO"
Q793,job=Doctor
Q794,"name=Antonio,city=Rapallo,age=31,job=Passenger transport manager"
Q795,"name=Nicole,city=Mirandola"
Q796,"name=Germana,age=63"
Q797,"name=Gioffre,age=34,job=Psychotherapist"
Q798,job=CEO
Q799,"name=Ermenegildo,city=Carrara,job=Data scientist"
Q800,"age=55,job=Broadcast presenter"
Q801,age=65
Q802,"name=Salvatore,city=Oristano,job=Lecturer"
Q803,job=Software engineer
Q804,"name=Danilo,city=Alatri"
Q805,"name=Domenico,city=Montagnana,job=Market researcher"
Q806,"name=Osvaldo,job=Exhibition designer"
Q807,"city=Barletta,job=Scientist marine"
Q808,"name=Graziano,city=Bolsena,job=Psychotherapist"
Q809,"city=Prato,age=62,job=Exhibition designer"
Q810,"name=Pierluigi,city=Cuneo,job=Fashion designer"
Q811,"age=34,job=Artist"
Q812,city=Carrara
Q813,"city=Monte Santâ€™Angelo,job=Scientist"
Q814,city=Sesto San Giovanni
Q815,"name=Carmelo,city=Conegliano,age=33,job=Journalist magazine"
Q816,"name=Berenice,job=Microbiologist"
Q817,"name=Mirco,city=NardÃ²,age=32"
Q818,"city=Fossano,job=Exhibition designer"
Q819,"city=Castelfranco Veneto,age=49"
Q820,name=Matteo
Q821,job=Programmer multimedia
Q822,city=Guastalla
Q823,"city=Conegliano,job=Art gallery manager"
Q824,"name=Eliana,city=Gela,age=37"
Q825,age=54
Q826,"city=Treviso,age=60,job=Software engineer"
Q827,"city=Assisi,job=Barrister"
Q828,"name=Lodovico,city=Benevento"
Q829,"city=Augusta,job=Designer graphic"
Q830,"age=47,job=Herbalist"
Q831,"name=Arnulfo,age=35"
Q832,"age=32,job=Neurosurgeon"
Q833,"name=Arsenio,city=Corleone,age=56"
Q834,name=Roberto
Q835,"name=Giuliana,age=43,job=Chief of Staff"
Q836,"name=Marcella,age=65"
Q837,"city=Mestre,age=23,job=Network engineer"
Q838,"city=Busto Arsizio,job=Television production assistant"
Q839,"city=Canosa di Puglia,job=CEO"
Q840,age=43
Q841,"name=Veronica,job=Recycling officer"
Q842,city=Marsala
Q843,"city=Ventimiglia,age=44,job=Textile designer"
Q844,"age=57,job=Metallurgist"
Q845,age=34
Q846,"name=Saverio,city=San Giuliano Terme"
Q847,"name=Nedda,age=51,job=Journalist magazine"
Q848,age=21
Q849,"name=Francesca,city=Rivoli,age=59,job=Television camera operator"
Q850,age=51
Q851,"name=Virgilio,city=Aquino,age=37,job=Technical sales engineer"
Q852,"name=Annetta,age=50"
Q853,"name=Etta,city=Rieti"
Q854,name=Luisa
Q855,name=Lina
Q856,"city=Molise,job=Equality and diversity officer"
Q857,"name=Berenice,city=Grottaglie,age=38,job=Software engineer"
Q858,"city=Chiavari,job=Technical sales engineer"
Q859,"city=Piacenza,job=Politician's assistant"
Q860,"name=Lazzaro,age=46,job=Pharmacist"
Q861,"name=Virgilio,city=Benevento,age=28,job=Software engineer"
Q862,"city=Bordighera,age=55"
Q863,"name=Carla,age=22"
Q864,"city=Reggio nellâ€™Emilia,age=48,job=Artist"
Q865,"name=Fabio,age=33"
Q866,city=Tivoli
Q867,city=Iglesias
Q868,"city=Portogruaro,age=61,job=Information officer"
Q869,job=Art therapist
Q870,city=CefalÃ¹
Q871,"name=Alfio,city=Anagni,age=44,job=Producer"
Q872,age=54
Q873,"city=Corato,age=21"
Q874,"name=Greca,city=CantÃ¹,age=45,job=Producer television/film/video"
Q875,"age=26,job=Engineer biomedical"
Q876,job=CEO
Q877,"name=Pierluigi,city=Castelfranco Veneto"
Q878,"name=Lisa,city=Mestre,job=Data scientist"
Q879,city=Vittorio Veneto
Q880,"name=Ubaldo,city=Ruvo di Puglia,age=52"
Q881,"name=Ornella,job=Doctor"
Q882,"city=Bologna,job=Engineer biomedical"
Q883,"name=Ermes,city=Vercelli,job=Journalist magazine"
Q884,"city=Chianciano Terme,age=46"
Q885,"name=Durante,job=Science writer"
Q886,"city=Caltanissetta,age=48"
Q887,"name=Gaetano,job=Data scientist"
Q888,job=Records manager
Q889,"name=Elmo,job=Records manager"
Q890,"name=Beppe,city=Brescia,age=31"
Q891,"name=Leonardo,city=Massa,job=Musician"
Q892,"city=NardÃ²,job=Exhibition designer"
Q893,"name=Pasquale,age=52"
Q894,"name=Melissa,city=Termini Imerese,age=40"
Q895,"name=Lucia,city=Empoli,age=23"
Q896,job=Production assistant radio
Q897,city=Sciacca
Q898,age=59
Q899,"name=Federico,job=Art gallery manager"
Q900,job=Theatre director
Q901,"name=Marcella,job=Banker"
Q902,"age=35,job=Teacher"
Q903,"name=Dario,city=Pescara,job=Therapist sports"
Q904,"name=Ermes,city=Porto Torres,age=49,job=Art gallery manager"
Q905,"name=Lolita,age=25"
Q906,job=Psychologist clinical
Q907,"name=Antonia,age=52,job=Therapist sports"
Q908,"city=MondovÃ¬,job=Librarian"
Q909,"name=Ermes,age=44"
Q910,"age=65,job=Meteorologist"
Q911,"name=Donato,city=Carloforte"
Q912,"name=Veronica,job=Associate Professor"
Q913,city=Ravenna
Q914,name=Arnaldo
Q915,job=Lecturer
Q916,"name=Silvio,age=40"
Q917,"city=Mantua,job=Teacher"
Q918,"city=Montagnana,age=31,job=Tour manager"
Q919,"city=PaternÃ²,job=Doctor"
Q920,"name=Fernanda,job=Multimedia specialist"
Q921,"name=Alderano,city=Fano,age=27,job=Environmental manager"
Q922,"name=Arturo,city=Bari,age=57,job=Art gallery manager"
Q923,"name=Alessia,city=Amalfi,age=37,job=Psychotherapist"
Q924,"name=Torquato,city=Como,job=Police officer"
Q925,city=Guastalla
Q926,"name=Isabella,age=50,job=Barrister"
Q927,age=45
Q928,age=49
Q929,"age=62,job=Chemist"
Q930,"city=La Spezia,age=59"
Q931,"name=Lidia,job=Chiropodist"
Q932,"name=Pasquale,age=46,job=Education officer"
Q933,"name=Arsenio,age=22,job=Teacher"
Q934,"name=Michele,city=Catania,job=Police officer"
Q935,"name=Michele,city=Civitanova Marche"
Q936,job=Television camera operator
Q937,name=Elena
Q938,"name=Luigi,city=Verona"
Q939,"age=30,job=Writer"
Q940,"name=Carlo,city=Aosta,job=Artist"
Q941,"name=Silvio,city=Turin,job=Politician's assistant"
Q942,"name=Alderano,city=Pomigliano dâ€™Arco,age=27"
Q943,city=Aquileia
Q944,"age=54,job=Textile designer"
Q945,"name=Sandra,city=San Giuliano Terme,age=30,job=Multimedia specialist"
Q946,"name=Flavia,job=Graphic designer"
Q947,"age=49,job=Data scientist"
Q948,"name=Giustino,city=Bobbio,age=43,job=Programmer multimedia"
Q949,"age=56,job=Science writer"
Q950,"name=Paride,city=Grottaglie,job=Art gallery manager"
Q951,"city=San Giovanni Rotondo,age=22,job=Pharmacist"
Q952,"name=Gaspare,age=27"
Q953,city=Capua
Q954,city=Frosinone
Q955,"name=Laura,city=Jesi,job=Equality and diversity officer"
Q956,"name=Coluccio,age=57"
Q957,city=Peschiera del Garda
Q958,"name=Ettore,city=Livorno,job=Warden"
Q959,"name=Melissa,age=26,job=Theatre director"
Q960,name=Giacobbe
Q961,"name=Ugo,city=Trento,job=Public house manager"
Q962,"city=Torre Annunziata,job=Writer"
Q963,"age=56,job=Lecturer"
Q964,"name=Erika,age=44,job=Company secretary"
Q965,"name=Livio,city=Castel Gandolfo,job=Software engineer"
Q966,name=Alessia
Q967,"city=La Spezia,age=61,job=Food technologist"
Q968,"name=Stefani,city=Caltanissetta,age=30"
Q969,"age=38,job=Designer graphic"
Q970,"city=Jesi,age=43"
Q971,age=53
Q972,"name=Pierluigi,age=34"
Q973,job=Teacher
Q974,"name=Corrado,city=Peschiera del Garda"
Q975,age=65
Q976,job=Technical sales engineer
Q977,"name=Pierluigi,city=Reggio di Calabria,age=43,job=Librarian"
Q978,"name=Micheletto,city=Anagni,job=Journalist magazine"
Q979,"name=Alfredo,city=Ferrara,age=21"
Q980,"name=Pier,city=Fermo,age=27,job=Veterinary surgeon"
Q981,"name=Michele,age=36,job=Art gallery manager"
Q982,"city=Castel Gandolfo,age=64,job=Engineer technical sales"
Q983,"name=Renzo,job=Engineer technical sales"
Q984,job=Automotive engineer
Q985,"name=Ivan,city=Gioia del Colle,job=Event organiser"
Q986,"age=33,job=Neurosurgeon"
Q987,"name=Torquato,job=Technical sales engineer"
Q988,"name=Martino,city=Portici"
Q989,"name=Liliana,job=Lecturer"
Q990,"name=Flavia,age=30,job=Art gallery manager"
Q991,name=Caterina
Q992,"name=Annetta,age=42"
Q993,"city=Vasto,age=38"
Q994,"name=Ramona,job=CEO"
Q995,"city=Lecco,age=34,job=Art gallery manager"
Q996,name=Fausto
Q997,"name=Geronimo,city=Rome"
Q998,"name=Gioele,age=43,job=Psychotherapist"
Q999,name=Orazio
Q1000,age=57
Q1001,"age=57,job=Dentist"
Q1002,age=50
Q1003,name=Matteo
Q1004,"name=Romeo,job=Catering manager"
Q1005,"city=Ivrea,age=34"
Q1006,"name=Giulio,job=Dentist"
Q1007,"age=38,job=Catering manager"
Q1008,"city=Grottaglie,job=Network engineer"
Q1009,"name=Giulia,city=Torre del Greco,job=Dispensing optician"
Q1010,name=Valentina
Q1011,city=Aquila
Q1012,age=36
Q1013,job=Equality and diversity officer
Q1014,"name=Melissa,job=Barista"
Q1015,"name=Greca,city=Terracina,age=61"
Q1016,name=Giustino
Q1017,name=Romina
Q1018,"name=Massimiliano,age=60,job=Paediatric nurse"
Q1019,"name=Liliana,city=Barletta,job=Public house manager"
Q1020,"name=Fausto,job=Automotive engineer"
Q1021,job=Physiological scientist
Q1022,"name=Rosina,city=Crema"
Q1023,"name=Giulietta,city=Mestre,age=50"
Q1024,"name=Giosu,job=Television camera operator"
Q1025,"name=Fiorino,city=Assisi,age=48,job=Teacher secondary school"
Q1026,"name=Costantino,age=21,job=Metallurgist"
Q1027,"name=Germana,city=Trento,age=28"
Q1028,"city=Asti,job=Textile designer"
Q1029,job=Designer graphic
Q1030,job=Market researcher
Q1031,city=Verona
Q1032,"name=Giovanni,city=Chieti"
Q1033,city=Torcello
Q1034,"city=Viterbo,age=59,job=Catering manager"
Q1035,city=Legnano
Q1036,"name=Gionata,city=Cava de Tirreni"
Q1037,"city=Carpi,age=26"
Q1038,"name=Renzo,age=32,job=Chief of Staff"
Q1039,"city=Cascina,age=32"
Q1040,"name=Calogero,city=Atri,job=Art gallery manager"
Q1041,"name=Roberta,job=Designer"
Q1042,"city=Messina,age=50"
Q1043,"name=Evangelista,age=19"
Q1044,"name=Alina,city=Aquileia,age=28"
Q1045,city=Viareggio
Q1046,"name=Niccol,city=Scicli,age=33,job=Producer television/film/video"
Q1047,"name=Caterina,age=55"
Q1048,age=32
Q1049,"age=27,job=Psychologist"
Q1050,"city=Lombardy,age=57,job=Journalist magazine"
Q1051,"name=Gelsomina,city=Torre del Greco,age=40,job=Merchant navy officer"
Q1052,city=Emilia-Romagna
Q1053,"name=Laureano,city=Monte Santâ€™Angelo"
Q1054,"name=Corrado,age=63"
Q1055,"city=Udine,job=Journalist magazine"
Q1056,"name=Concetta,city=Martina Franca,age=47,job=Management consultant"
Q1057,"age=60,job=Television camera operator"
Q1058,"name=Romolo,city=Comiso,age=35"
Q1059,"age=44,job=Metallurgist"
Q1060,"name=Serena,job=Politician's assistant"
Q1061,job=Information officer
Q1062,"city=Casale Monferrato,age=25,job=Designer"
Q1063,"city=Udine,age=47"
Q1064,"city=Moncalieri,age=62"
Q1065,age=34
Q1066,age=49
Q1067,job=Food technologist
Q1068,name=Evangelista
Q1069,"name=Nino,age=23"
Q1070,"name=Laura,age=46"
Q1071,"name=Atenulf,age=19,job=Barrister"
Q1072,"name=Pina,city=Arezzo,age=59"
Q1073,city=NardÃ²
Q1074,age=46
Q1075,"name=Adelmo,job=Journalist magazine"
Q1076,job=Records manager
Q1077,city=Marche
Q1078,"city=Melfi,age=21"
Q1079,name=Melissa
Q1080,"name=Marcella,city=San Gimignano,job=Teacher secondary school"
Q1081,"name=Maria,city=Casale Monferrato"
Q1082,"city=Carloforte,age=31,job=Science writer"
Q1083,"name=Martina,city=Eboli,age=46,job=Company secretary"
Q1084,city=Bronte
Q1085,"name=Raffaella,city=Portofino,job=Psychotherapist"
Q1086,"name=Sebastiano,city=Isernia,age=56,job=Programmer multimedia"
Q1087,name=Leone
Q1088,"name=Aria,city=Portofino,age=27,job=Management consultant"
Q1089,"city=Pozzuoli,job=Records manager"
Q1090,"name=Annetta,city=Bolsena"
Q1091,"name=Alessia,age=37"
Q1092,"name=Graziano,age=23"
Q1093,"name=Uberto,city=Molise,age=19"
Q1094,age=31
Q1095,age=63
Q1096,"age=32,job=Tour manager"
Q1097,"name=Ciro,job=Designer"
Q1098,"city=Alcamo,age=32"
Q1099,age=30
Q1100,age=33
Q1101,job=Engineer biomedical
Q1102,"city=Carrara,age=29"
Q1103,"city=Nocera Inferiore,job=Art therapist"
Q1104,"city=Anagni,age=42"
Q1105,"name=Gianpietro,city=Sora,job=Lecturer"
Q1106,city=Bisceglie
Q1107,"name=Ignazio,job=Veterinary surgeon"
Q1108,"city=Terni,age=22,job=Industrial buyer"
Q1109,"name=Piermaria,age=37,job=Banker"
Q1110,"name=Gianfranco,job=Scientist research"
Q1111,"name=Ugo,city=Fabriano,age=19"
Q1112,"name=Sandro,city=Capannori"
Q1113,"age=41,job=Banker"
Q1114,"name=Loretta,city=Udine,job=Chiropodist"
Q1115,"name=Beppe,city=Empoli"
Q1116,"name=Fulvio,job=Metallurgist"
Q1117,"name=Ranieri,job=Information officer"
Q1118,"name=Loretta,city=Crema"
Q1119,"name=Greco,city=Pescara,age=58"
Q1120,"name=Matteo,job=Food technologist"
Q1121,name=Cecilia
Q1122,"name=Gianluigi,age=38"
Q1123,job=Production assistant radio
Q1124,"city=Frascati,age=25,job=Neurosurgeon"
Q1125,"name=Silvio,age=58,job=Market researcher"
Q1126,"name=Lilla,city=Macerata,age=34"
Q1127,"name=Veronica,city=Arpino,job=Counsellor"
Q1128,"name=Caterina,job=Scientist"
Q1129,"name=Berenice,age=42"
Q1130,"city=Anzio,age=64,job=Writer"
Q1131,"name=Giuliano,city=San Giovanni Rotondo"
Q1132,"city=Ortona,job=Pharmacist"
Q1133,"name=Livio,age=36"
Q1134,"name=Maria,city=Novi Ligure,age=30"
Q1135,name=Graziano
Q1136,"city=Fondi,age=38,job=Contractor"
Q1137,"name=Roman,city=Puglia"
Q1138,name=Graziano
Q1139,"name=Luisa,job=Neurosurgeon"
Q1140,"name=Valerio,city=Sorrento"
Q1141,"city=Cortina dâ€™Ampezzo,age=47,job=Haematologist"
Q1142,"name=Sandro,age=48,job=Ergonomist"
Q1143,"name=Alberico,city=Centuripe,age=53,job=Producer television/film/video"
Q1144,"city=Frosinone,age=25,job=Librarian"
Q1145,"city=Castelfranco Veneto,job=Haematologist"
Q1146,job=Lecturer
Q1147,"name=Vittoria,city=Oristano,age=36,job=Software engineer"
Q1148,"name=Raffaella,city=Licata,job=Banker"
Q1149,city=Cerignola
Q1150,job=Multimedia specialist
Q1151,"name=Arturo,job=Scientist marine"
Q1152,"city=Aquino,age=57"
Q1153,"name=Sabatino,city=Chioggia"
Q1154,name=Fabrizia
Q1155,"city=Isernia,job=Contractor"
Q1156,"city=Crotone,age=64,job=Multimedia specialist"
Q1157,"name=Torquato,job=Tour manager"
Q1158,age=55
Q1159,"city=Bolsena,age=42,job=Technical sales engineer"
Q1160,"city=Vicenza,age=23,job=Writer"
Q1161,"name=Melissa,age=20,job=Graphic designer"
Q1162,city=Favara
Q1163,name=Raffaele
Q1164,age=32
Q1165,"name=Puccio,city=Desio,age=43"
Q1166,"name=Aldo,age=57"
Q1167,"city=Peschiera del Garda,job=Multimedia specialist"
Q1168,"name=Alberto,job=Librarian"
Q1169,"city=Licata,age=61,job=Broadcast presenter"
Q1170,city=Vittoria
Q1171,name=Giacinto
Q1172,"city=Terracina,age=65"
Q1173,"name=Fausto,city=Potenza,age=37"
Q1174,"city=Veneto,age=48"
Q1175,"city=Bressanone,job=Art gallery manager"
Q1176,"age=62,job=Merchant navy officer"
Q1177,"city=Magenta,age=34,job=Science writer"
Q1178,job=Journalist magazine
Q1179,job=Dentist
Q1180,"name=Bruno,city=Frascati,age=38,job=CEO"
Q1181,"name=Fabio,age=50"
Q1182,name=Milo
Q1183,"age=55,job=Warehouse manager"
Q1184,"age=60,job=Police officer"
Q1185,name=Alessandro
Q1186,"name=Raffaellino,city=Voghera,age=48,job=Banker"
Q1187,"city=Corato,age=23"
Q1188,"age=30,job=Meteorologist"
Q1189,age=30
Q1190,"city=Eboli,age=56"
Q1191,"city=Sulmona,job=Metallurgist"
Q1192,"name=Angelina,city=Spoleto,age=55"
Q1193,city=Scicli
Q1194,"city=Senigallia,age=58"
Q1195,"name=Ermanno,city=Nocera Inferiore"
Q1196,"name=Liana,age=38,job=Musician"
Q1197,"city=Melfi,age=56"
Q1198,"name=Vincenzo,city=Bagheria,age=21"
Q1199,"city=Imola,age=61,job=Chief of Staff"
Q1200,job=Broadcast presenter
Q1201,"name=Angelina,city=Aquila,job=Artist"
Q1202,"name=Antonino,city=Scicli,age=41,job=Chemist"
Q1203,age=28
Q1204,"name=Osvaldo,job=Art gallery manager"
Q1205,name=Giuseppina
Q1206,"city=Pavia,age=56"
Q1207,"name=Piero,age=28"
Q1208,"name=Angelina,city=Piacenza"
Q1209,"city=Cava de Tirreni,age=34,job=Trainer"
Q1210,job=Psychologist
Q1211,"name=Matilda,city=Portogruaro,age=48,job=Fashion designer"
Q1212,"name=Armando,city=Venosa,age=56,job=Restaurant manager"
Q1213,"name=Fabio,city=Andria,age=30,job=Journalist magazine"
Q1214,"name=Sabatino,city=Ardea"
Q1215,"name=Sandra,city=Piedmont,age=54"
Q1216,age=47
Q1217,"name=Lando,age=57,job=Recycling officer"
Q1218,"name=Raffaele,city=Bobbio,age=37"
Q1219,name=Alderano
Q1220,"name=Ida,city=Friuliâ€“Venezia Giulia,age=58,job=Information officer"
Q1221,"city=Viareggio,age=56"
Q1222,"city=Scicli,job=Exhibition designer"
Q1223,"city=Terracina,job=Engineer technical sales"
Q1224,"name=Liana,city=Foggia,age=64"
Q1225,"name=Giulio,city=Pinerolo"
Q1226,"name=Antonella,age=54"
Q1227,"name=Azeglio,age=48"
Q1228,city=Ardea
Q1229,"name=Paolo,city=Imperia,age=62,job=Musician"
Q1230,"age=41,job=Solicitor"
Q1231,"name=Giustino,job=Metallurgist"
Q1232,"city=Empoli,age=36"
Q1233,"name=Torquato,age=21"
Q1234,name=Giacinto
Q1235,"name=Arnaldo,city=Terni"
Q1236,"name=Veronica,age=38,job=Barrister"
Q1237,"name=Ninetta,city=Termini Imerese,job=Passenger transport manager"
Q1238,name=Evangelista
Q1239,job=Chemist
Q1240,"city=Chioggia,age=40,job=Associate Professor"
Q1241,"name=Gustavo,city=Amalfi,job=Exhibition designer"
Q1242,"city=Reggio nellâ€™Emilia,job=Chemist"
Q1243,"city=Civita Castellana,job=Contractor"
Q1244,"city=Rapallo,job=Psychologist clinical"
Q1245,"city=Licata,age=22,job=Chiropodist"
Q1246,name=Serena
Q1247,"name=Melina,age=37,job=Network engineer"
Q1248,name=Marcella
Q1249,job=Banker
Q1250,age=34
Q1251,age=30
Q1252,"city=Rovereto,job=Tour manager"
Q1253,"name=Ronaldo,city=Empoli,age=24,job=Television camera operator"
Q1254,"name=Griselda,city=Livorno,age=36,job=CEO"
Q1255,city=Chianciano Terme
Q1256,"name=Gioele,age=34,job=Surveyor insurance"
Q1257,"name=Federico,age=56,job=Trainer"
Q1258,"name=Emilio,city=Lugo,job=Engineer technical sales"
Q1259,"city=Empoli,age=34"
Q1260,age=58
Q1261,"name=Guido,job=Counsellor"
Q1262,"name=Atenulf,job=Broadcast presenter"
Q1263,"city=Chieti,age=23"
Q1264,"name=Maria,city=Macerata,job=Politician's assistant"
Q1265,"name=Raffaella,city=Nuoro,job=Recycling officer"
Q1266,"city=Lugo,age=56,job=Chiropodist"
Q1267,"name=Gabriele,age=62"
Q1268,"name=Giovanni,city=Florence"
Q1269,job=Herbalist
Q1270,"city=Chioggia,age=19"
Q1271,"name=Coluccio,age=48"
Q1272,city=Valle dâ€™Aosta
Q1273,"name=Franco,city=Torcello,job=Herbalist"
Q1274,age=26
Q1275,age=55
Q1276,name=Galasso
Q1277,name=Alessio
Q1278,"city=Valle dâ€™Aosta,job=Ergonomist"
Q1279,name=Arsenio
Q1280,"name=Mattia,city=San Giovanni Rotondo,job=Surveyor insurance"
Q1281,"name=Griselda,city=Adrano"
Q1282,"city=Cosenza,age=65"
Q1283,"age=32,job=Production assistant radio"
Q1284,"name=Uberto,city=Viterbo,job=Dispensing optician"
Q1285,city=Comiso
Q1286,"city=Savona,age=61,job=Surveyor insurance"
Q1287,"name=Gaetano,city=Pietrasanta,age=19,job=Engineer technical sales"
Q1288,"name=Simonetta,job=Multimedia specialist"
Q1289,"city=MondovÃ¬,job=Art therapist"
Q1290,"city=Terni,age=59"
Q1291,"city=Capua,job=Contractor"
Q1292,"name=Monica,job=Information officer"
Q1293,city=Catanzaro
Q1294,"name=Costanzo,city=Palermo,age=65,job=Scientist marine"
Q1295,city=Busto Arsizio
Q1296,"age=53,job=Solicitor"
Q1297,"name=Gloria,age=22,job=Catering manager"
Q1298,"name=Uberto,age=63,job=Pharmacist"
Q1299,"name=Mario,city=Monfalcone,job=Producer"
Q1300,city=Favara
Q1301,"name=Damiano,city=Fondi,age=54,job=Teacher"
Q1302,"name=Raffaele,job=Teacher"
Q1303,"name=Arturo,age=52,job=Merchant navy officer"
Q1304,"name=Goffredo,age=60,job=Engineer biomedical"
Q1305,"city=Abruzzi,age=46"
Q1306,"name=Rossana,city=Ivrea"
Q1307,age=53
Q1308,"age=48,job=Pharmacist"
Q1309,job=Surveyor insurance
Q1310,"name=Jolanda,city=Udine,age=38"
Q1311,city=Olbia
Q1312,name=Cecilia
Q1313,"name=Martina,job=Associate Professor"
Q1314,"name=Arsenio,job=Production assistant radio"
Q1315,"name=Marcella,age=54"
Q1316,name=Lucia
Q1317,"city=Sesto San Giovanni,job=Textile designer"
Q1318,"city=Pescia,age=22,job=Barista"
Q1319,city=Oristano
Q1320,"city=Rovigo,age=33,job=Chemist"
Q1321,name=Pasqual
Q1322,"city=PaternÃ²,job=Producer"
Q1323,"name=Dino,job=Surveyor insurance"
Q1324,"city=CefalÃ¹,age=65"
Q1325,"name=Gabriella,age=60,job=Haematologist"
Q1326,"age=55,job=Teacher secondary school"
Q1327,"name=Rosina,city=Reggio nellâ€™Emilia,age=37"
Q1328,job=Dispensing optician
Q1329,"name=Vanessa,city=Chiavari,age=40"
Q1330,"name=Pasqual,job=CEO"
Q1331,"age=25,job=Designer graphic"
Q1332,"city=Bordighera,job=Restaurant manager"
Q1333,"name=Antonia,city=Marino,age=51"
Q1334,"name=Valerio,city=Bisceglie,age=24"
Q1335,"name=Nadia,age=46,job=Passenger transport manager"
Q1336,"city=Spoleto,age=50"
Q1337,"name=Geronimo,age=57,job=Passenger transport manager"
Q1338,"name=Matteo,city=Varallo,age=23"
Q1339,"name=Pasqual,city=Arpino"
Q1340,"name=Danilo,age=36,job=Minerals surveyor"
Q1341,"name=Gianluigi,job=Science writer"
Q1342,"name=Alessio,city=Treviso,job=Microbiologist"
Q1343,city=Belluno
Q1344,"city=Amalfi,job=Producer television/film/video"
Q1345,city=Trento
Q1346,name=Matilda
Q1347,"city=Peschiera del Garda,age=36,job=Furniture designer"
Q1348,"name=Lorenzo,city=Alcamo"
Q1349,"name=Griselda,city=Mola di Bari,job=Psychologist clinical"
Q1350,"name=Temistocle,job=Writer"
Q1351,"name=Liliana,city=Chiavari,job=Exhibition designer"
Q1352,"city=CittÃ  di Castello,job=Writer"
Q1353,"age=26,job=Solicitor"
Q1354,"city=Frosinone,age=36"
Q1355,"city=Trento,age=48,job=Barista"
Q1356,name=Sabatino
Q1357,"name=Martino,city=Vallombrosa,job=Warden"
Q1358,"name=Agostino,city=Vigevano,age=52,job=Merchant navy officer"
Q1359,"name=Coluccio,age=34,job=Counsellor"
Q1360,age=43
Q1361,"name=Sebastiano,city=San Remo,age=54"
Q1362,"name=Flavio,age=44,job=Chief of Staff"
Q1363,"city=Adria,job=Politician's assistant"
Q1364,city=Lugo
Q1365,"name=Arturo,age=38"
Q1366,"name=Valentina,city=Sarzana"
Q1367,name=Ignazio
Q1368,"name=Melissa,city=Martina Franca,age=31,job=Technical sales engineer"
Q1369,"name=Livio,age=63"
Q1370,"city=Terracina,job=Merchant navy officer"
Q1371,"name=Gabriella,city=Palazzolo Acreide"
Q1372,"name=Giacobbe,age=28"
Q1373,"city=Capua,age=47"
Q1374,age=49
Q1375,"name=Fabia,city=Friuliâ€“Venezia Giulia,age=28,job=Trainer"
Q1376,city=Manfredonia
Q1377,"city=Aquino,age=51,job=Exhibition designer"
Q1378,"age=62,job=Television camera operator"
Q1379,"name=Lucia,city=Carloforte,job=Contractor"
Q1380,name=Vanessa
Q1381,age=38
Q1382,"city=Palermo,age=45,job=Catering manager"
Q1383,"age=59,job=Solicitor"
Q1384,"age=45,job=Network engineer"
Q1385,"name=Fabio,city=Castelvetrano,job=Exhibition designer"
Q1386,"city=Civitanova Marche,age=32,job=CEO"
Q1387,"city=Alghero,age=31"
Q1388,"city=Gravina in Puglia,age=41"
Q1389,"age=23,job=Trainer"
Q1390,"age=38,job=Furniture designer"
Q1391,"city=Umbria,age=53,job=Programmer multimedia"
Q1392,"city=Avezzano,job=Exhibition designer"
Q1393,"name=Laureano,city=Vigevano,age=19"
Q1394,"name=Benedetto,city=Aosta"
Q1395,"name=Patrizio,city=Cividale del Friuli"
Q1396,"city=Novara,age=53,job=Chiropodist"
Q1397,age=21
Q1398,name=Michelotto
Q1399,"name=Lilla,city=Martina Franca,job=Librarian"
Q1400,"name=Michelotto,age=36,job=Contractor"
Q1401,"name=Mercedes,city=Cori,age=26"
Q1402,"city=Nuoro,age=53,job=Teacher secondary school"
Q1403,"age=56,job=Medical sales representative"
Q1404,"age=26,job=Equality and diversity officer"
Q1405,"name=Rosaria,city=Lanciano"
Q1406,"name=Ludovica,city=Favara,job=Public house manager"
Q1407,"name=Fabrizio,age=35,job=Medical sales representative"
Q1408,"name=Erika,job=Theatre director"
Q1409,"city=Cuneo,job=Multimedia specialist"
Q1410,"name=Rosalia,city=La Spezia"
Q1411,"city=Chiavari,age=63,job=Psychotherapist"
Q1412,"name=Ferdinando,city=Avellino"
Q1413,job=Teacher secondary school
Q1414,"name=Nino,job=Ergonomist"
Q1415,"age=26,job=Ergonomist"
Q1416,"name=Veronica,age=29"
Q1417,"name=Martino,city=San Remo,age=50,job=Fashion designer"
Q1418,"name=Giulia,city=Chioggia,age=52"
Q1419,"name=Paola,city=Bobbio,age=23,job=Exhibition designer"
Q1420,age=57
Q1421,city=Civitavecchia
Q1422,job=Market researcher
Q1423,"city=ForlÃ¬,age=40,job=Medical sales representative"
Q1424,city=Anagni
Q1425,"name=Imelda,job=Warden"
Q1426,city=Arezzo
Q1427,job=Psychotherapist
Q1428,"name=Elmo,job=Tour manager"
Q1429,job=Paediatric nurse
Q1430,job=Science writer
Q1431,"name=Amleto,city=Carpi"
Q1432,"name=Arsenio,city=Piombino,age=34"
Q1433,"name=Franco,city=Reggio di Calabria,job=Graphic designer"
Q1434,"name=Elmo,city=Udine,age=47"
Q1435,"name=Fabia,age=27,job=Scientist research"
Q1436,"city=Trento,age=59,job=Artist"
Q1437,city=Bordighera
Q1438,age=50
Q1439,age=30
Q1440,"name=Elena,job=Teacher secondary school"
Q1441,"name=Pasquale,city=San Remo,job=Fashion designer"
Q1442,age=46
Q1443,name=Amadeo
Q1444,"name=Graziano,job=Psychotherapist"
Q1445,"city=Orvieto,age=51,job=Data scientist"
Q1446,"name=Elvira,city=San Giuliano Terme"
Q1447,"age=47,job=Banker"
Q1448,"city=Gravina in Puglia,age=29,job=Engineer biomedical"
Q1449,"name=Osvaldo,job=Production assistant radio"
Q1450,"city=Salerno,age=43,job=Microbiologist"
Q1451,age=24
Q1452,"name=Lamberto,city=Gravina in Puglia,job=Furniture designer"
Q1453,"city=Montecatini Terme,age=46"
Q1454,"age=40,job=Broadcast presenter"
Q1455,"name=Pierangelo,job=Paediatric nurse"
Q1456,"name=Pina,age=31,job=Software engineer"
Q1457,"city=Carrara,job=Warehouse manager"
Q1458,"city=Spoleto,job=Surveyor insurance"
Q1459,"name=Ennio,city=Bassano del Grappa"
Q1460,"city=Torre del Greco,age=47"
Q1461,"city=Cagliari,age=34,job=Education officer"
Q1462,"city=Arezzo,age=65,job=Restaurant manager"
Q1463,"name=Flora,city=Manduria,job=Contractor"
Q1464,"name=Arturo,city=Manduria"
Q1465,"name=Flavia,age=39"
Q1466,"age=36,job=Counsellor"
Q1467,"city=Olbia,job=Artist"
Q1468,"name=Arnulfo,city=Brindisi,age=52,job=Journalist magazine"
Q1469,"name=Fiorino,age=54"
Q1470,"name=Stefano,age=47,job=Haematologist"
Q1471,"city=Conegliano,job=Art gallery manager"
Q1472,"name=Eugenia,city=Fano,job=Engineer technical sales"
Q1473,job=Psychotherapist
Q1474,"name=Luciano,city=Erice,job=Engineer biomedical"
Q1475,"name=Cirillo,city=Viterbo,age=23"
Q1476,"name=Gaetano,city=Adria,age=24"
Q1477,"city=Imperia,job=Counsellor"
Q1478,city=Loreto
Q1479,"city=Brescia,job=Microbiologist"
Q1480,"city=Pesaro,age=44"
Q1481,"name=Lucia,city=Abruzzi,age=64"
Q1482,age=20
Q1483,job=Paediatric nurse
Q1484,"name=Donatella,city=Loreto"
Q1485,"city=Cagliari,job=Warden"
Q1486,"name=Piergiorgio,city=Carrara,job=Contractor"
Q1487,"name=Mariano,city=Melfi,age=54"
Q1488,"name=Adelmo,job=Police officer"
Q1489,"name=Ermanno,city=Treviso,age=39,job=Paediatric nurse"
Q1490,city=Cava de Tirreni
Q1491,"name=Calogero,job=Public house manager"
Q1492,"city=Fabriano,age=52,job=Chemist"
Q1493,"name=Temistocle,city=Manduria,age=42"
Q1494,"city=Abruzzi,job=Neurosurgeon"
Q1495,"name=Carlo,age=46,job=Producer"
Q1496,"name=Gastone,age=32"
Q1497,"city=Gela,job=Warehouse manager"
Q1498,"name=Torquato,city=Tivoli,age=39"
Q1499,name=Eva
Q1500,"name=Agnolo,age=40,job=Ergonomist"
Q1501,"city=Ascoli Piceno,age=39"
Q1502,"name=Caterina,city=Catania,age=32,job=Warehouse manager"
Q1503,"city=Trani,age=52,job=Producer"
Q1504,"name=Etta,city=Carrara,age=45,job=Records manager"
Q1505,job=Solicitor
Q1506,"city=Trieste,job=Warden"
Q1507,age=46
Q1508,age=41
Q1509,city=Portici
Q1510,"name=Pierangelo,city=Terni"
Q1511,job=Tour manager
Q1512,"city=Todi,age=61,job=Chemist"
Q1513,"name=Adelmo,age=24,job=Teacher"
Q1514,city=Rieti
Q1515,"age=25,job=Teacher"
Q1516,"city=Iglesias,job=Psychotherapist"
Q1517,"name=Filippo,city=Belgioioso"
Q1518,"name=Francesco,job=Event organiser"
Q1519,"name=Lando,city=Voghera,job=Event organiser"
Q1520,name=Ermenegildo
Q1521,"name=Raffaele,job=Fashion designer"
Q1522,age=19
Q1523,job=Public house manager
Q1524,age=42
Q1525,"age=39,job=Producer television/film/video"
Q1526,"city=Molfetta,age=58"
Q1527,age=42
Q1528,"name=Osvaldo,city=Savona,job=Television production assistant"
Q1529,"city=Ceglie Messapico,job=Barista"
Q1530,"name=Giustino,age=44,job=Event organiser"
Q1531,"name=Melina,city=Florence,age=61"
Q1532,"name=Lauretta,city=Gaeta,age=41,job=Dispensing optician"
Q1533,"name=Ludovico,city=Sora,age=27"
Q1534,"name=Arsenio,city=Tivoli,age=49"
Q1535,"age=41,job=Art therapist"
Q1536,"age=50,job=Barista"
Q1537,"age=43,job=Designer graphic"
Q1538,job=Financial controller
Q1539,name=Letizia
Q1540,city=Civitavecchia
Q1541,job=Engineer technical sales
Q1542,"name=Nicola,job=Librarian"
Q1543,"name=Puccio,city=Palermo,age=45,job=Psychotherapist"
Q1544,"city=Palazzolo Acreide,age=20"
Q1545,"city=Alghero,job=Art gallery manager"
Q1546,"city=San Giovanni Rotondo,age=19"
Q1547,"name=Paloma,city=Vittorio Veneto,job=Market researcher"
Q1548,"name=Luciano,city=PaternÃ²,age=52,job=Barrister"
Q1549,"city=Brindisi,age=37"
Q1550,"name=Milo,city=Campobasso,age=55"
Q1551,job=Warden
Q1552,"name=Salvatore,city=Rovereto,age=33,job=Merchant navy officer"
Q1553,age=24
Q1554,"city=Bressanone,age=36"
Q1555,"name=Livia,city=Fermo"
Q1556,"city=Modena,age=63,job=Surveyor insurance"
Q1557,"name=Iolanda,city=Fidenza,age=34,job=Programmer multimedia"
Q1558,name=Nicoletta
Q1559,"name=Vito,job=Banker"
Q1560,age=58
Q1561,"city=Sora,age=32"
Q1562,"city=CefalÃ¹,job=Police officer"
Q1563,name=Franco
Q1564,age=49
Q1565,"city=Tortona,age=25"
Q1566,"name=Mauro,city=Augusta,job=Psychotherapist"
Q1567,"name=Roberto,city=Bressanone,age=47,job=Graphic designer"
Q1568,job=Software engineer
Q1569,"city=Sarzana,job=Exhibition designer"
Q1570,age=52
Q1571,city=Andria
Q1572,city=Caltanissetta
Q1573,job=Journalist magazine
Q1574,"name=Severino,city=Burano"
Q1575,"city=Cosenza,age=36,job=Technical sales engineer"
Q1576,job=Broadcast presenter
Q1577,"age=52,job=Management consultant"
Q1578,"city=Favara,job=Dispensing optician"
Q1579,"name=Vito,city=Schio,age=57"
Q1580,"city=Portofino,age=25,job=Microbiologist"
Q1581,"name=Paride,city=Manfredonia,age=43,job=Teacher"
Q1582,"city=Cosenza,job=Surveyor insurance"
Q1583,"name=Amadeo,age=27"
Q1584,"city=Avola,job=Catering manager"
Q1585,"name=Lando,job=Technical sales engineer"
Q1586,"city=Benevento,job=Furniture designer"
Q1587,"name=Ignazio,city=Piombino"
Q1588,"name=Giuseppina,age=64,job=Barista"
Q1589,"name=Silvio,city=CittÃ  di Castello,job=Technical sales engineer"
Q1590,age=38
Q1591,name=Lisa
Q1592,"city=Arezzo,age=25"
Q1593,age=22
Q1594,job=Scientist marine
Q1595,"name=Damiano,job=Producer"
Q1596,"city=Reggio nellâ€™Emilia,job=Restaurant manager"
Q1597,"name=Mario,job=Television production assistant"
Q1598,"name=Pina,age=23,job=Equality and diversity officer"
Q1599,"name=Angelica,city=Atri,age=50"
Q1600,"name=Susanna,city=Fermo,age=36,job=Producer"
Q1601,"city=Lanciano,age=46,job=Trainer"
Q1602,age=37
Q1603,"name=Sonia,city=Comiso"
Q1604,job=Network engineer
Q1605,name=Donato
Q1606,"city=Ariano Irpino,age=52"
Q1607,"age=23,job=Programmer multimedia"
Q1608,"name=Victoria,city=Cerignola,age=38"
Q1609,age=47
Q1610,city=Rimini
Q1611,"age=63,job=Warden"
Q1612,"name=Stefano,age=20,job=Furniture designer"
Q1613,name=Arnaldo
Q1614,"city=Lecco,age=50,job=Producer television/film/video"
Q1615,name=Gaspare
Q1616,"name=Calogero,job=Recycling officer"
Q1617,"city=Oristano,age=40,job=Chief of Staff"
Q1618,job=Management consultant
Q1619,"name=Roman,city=Cortona"
Q1620,"name=Jacopo,city=Sessa Aurunca,age=39,job=CEO"
Q1621,"name=Licia,age=64,job=Lecturer"
Q1622,name=Rolando
Q1623,"name=Raffaele,city=Fermo"
Q1624,"name=Camilla,city=MondovÃ¬,age=27,job=Textile designer"
Q1625,"name=Damiano,job=Company secretary"
Q1626,"name=Maria,job=Psychologist"
Q1627,city=Corleone
Q1628,"name=Bernardo,age=55,job=Broadcast presenter"
Q1629,"age=53,job=Production assistant radio"
Q1630,name=Ermanno
Q1631,"city=Ariano Irpino,job=Chiropodist"
Q1632,"city=Conegliano,job=Exhibition designer"
Q1633,"age=33,job=Financial controller"
Q1634,"name=Flavia,city=Tarquinia"
Q1635,job=Network engineer
Q1636,"name=Galasso,city=Chieti,age=38"
Q1637,"name=Franco,age=29,job=Trainer"
Q1638,"name=Maurilio,age=65,job=Restaurant manager"
Q1639,"name=Danilo,age=45,job=Broadcast presenter"
Q1640,city=Grosseto
Q1641,name=Fabrizio
Q1642,name=Pasqual
Q1643,"name=Ranieri,job=Minerals surveyor"
Q1644,"name=Napoleone,job=Haematologist"
Q1645,"city=Massa,age=22,job=Journalist magazine"
Q1646,"name=Osvaldo,city=Martina Franca,job=Merchant navy officer"
Q1647,"name=Melania,city=Alessandria,job=Therapist sports"
Q1648,"name=Sabatino,job=Dentist"
Q1649,"name=Giampaolo,city=Bitonto,job=Doctor"
Q1650,name=Erika
Q1651,"city=Aquila,age=55"
Q1652,"city=Spoleto,job=Passenger transport manager"
Q1653,name=Calogero
Q1654,"city=Prato,age=62"
Q1655,"city=Peschiera del Garda,job=Politician's assistant"
Q1656,"city=Florence,age=27,job=Teacher secondary school"
Q1657,city=Torre Annunziata
Q1658,"name=Lorenzo,city=Milan,job=Herbalist"
Q1659,"name=Venancio,age=39,job=Production assistant radio"
Q1660,"name=Anita,city=Rome,age=39"
Q1661,"name=Bettina,city=Manduria,age=29"
Q1662,"age=27,job=Exhibition designer"
Q1663,"name=Giustino,age=37"
Q1664,"name=Imelda,city=Fiesole,age=34"
Q1665,"name=Maurilio,city=Busto Arsizio,age=29,job=Restaurant manager"
Q1666,"city=Vittoria,job=Company secretary"
Q1667,name=Luciano
Q1668,city=Sorrento
Q1669,"city=Brescia,job=Automotive engineer"
Q1670,"name=Mercedes,job=Barista"
Q1671,age=50
Q1672,"city=Liguria,age=47,job=Theatre director"
Q1673,"name=Erika,city=Guastalla"
Q1674,"city=Noto,age=49,job=Contractor"
Q1675,"name=Francesca,city=Rivoli,age=54"
Q1676,city=Massa
Q1677,"name=Leone,city=Reggio nellâ€™Emilia,age=28,job=Designer"
Q1678,"name=Marcantonio,city=Todi"
Q1679,"name=Ida,city=Schio,age=58,job=Art gallery manager"
Q1680,"name=Ugo,age=44"
Q1681,"name=Raffaella,age=38,job=Network engineer"
Q1682,"name=Francesco,city=Cortona,age=19"
Q1683,"name=Ernesto,city=Lombardy"
Q1684,"name=Iolanda,city=Barletta,age=36"
Q1685,"name=Dionigi,city=Udine,age=60,job=Education officer"
Q1686,"name=Atenulf,city=Pozzuoli,age=28"
Q1687,job=Network engineer
Q1688,"name=Agostino,age=64"
Q1689,"name=Lilla,city=Brescia,job=Psychotherapist"
Q1690,"city=Formia,job=Industrial buyer"
Q1691,job=Tour manager
Q1692,"city=Naples,age=27,job=Engineer biomedical"
Q1693,age=56
Q1694,age=44
Q1695,"city=Bitonto,age=51"
Q1696,"name=Lina,age=33"
Q1697,name=Melissa
Q1698,age=59
Q1699,"city=Centuripe,age=42"
Q1700,"name=Durante,city=Pisa,job=CEO"
Q1701,"name=Sebastiano,age=61,job=Tour manager"
Q1702,"name=Tiziana,job=Fashion designer"
Q1703,"name=Donatella,age=62,job=Data scientist"
Q1704,city=Fabriano
Q1705,job=CEO
Q1706,"city=Gela,job=Catering manager"
Q1707,"name=Vincentio,job=Exhibition designer"
Q1708,"name=Silvestro,age=50,job=Restaurant manager"
Q1709,"name=Niccol,city=Mola di Bari,age=32"
Q1710,"name=Giacinto,city=Salerno"
Q1711,"name=Azeglio,job=Scientist research"
Q1712,job=Engineer technical sales
Q1713,"city=Montecatini Terme,age=31"
Q1714,"name=Gilberto,city=Trento,age=27,job=Minerals surveyor"
Q1715,"name=Giuseppina,age=65"
Q1716,"name=Elvira,job=Librarian"
Q1717,"name=Gianpietro,city=CantÃ¹,age=48,job=Recycling officer"
Q1718,"city=Fermo,age=46,job=Information officer"
Q1719,"name=Melina,city=Peschiera del Garda,age=23,job=Chemist"
Q1720,"city=Benevento,job=Furniture designer"
Q1721,age=35
Q1722,"name=Gioele,city=Taranto,job=Solicitor"
Q1723,name=Atenulf
Q1724,"name=Loretta,city=Catania,age=53"
Q1725,job=Multimedia specialist
Q1726,"name=Vanessa,age=23"
Q1727,"city=Empoli,age=30,job=Broadcast presenter"
Q1728,job=Journalist magazine
Q1729,"city=Gela,job=Television camera operator"
Q1730,"city=Ceglie Messapico,age=46,job=Lecturer"
Q1731,city=Adrano
Q1732,"name=Donna,city=Florence,age=26,job=Company secretary"
Q1733,"name=Ludovica,city=Avezzano,job=Associate Professor"
Q1734,"name=Mario,job=Technical sales engineer"
Q1735,"name=Vito,city=Imola"
Q1736,"city=Monreale,job=Producer"
Q1737,"name=Sabatino,age=30"
Q1738,"city=Sarzana,job=Exhibition designer"
Q1739,"name=Claudia,age=60"
Q1740,"name=Tiziana,age=32,job=Scientist marine"
Q1741,city=Cuneo
Q1742,name=Diana
Q1743,"name=Mercedes,job=Journalist magazine"
Q1744,"name=Gaetano,city=Barletta,age=55,job=Broadcast presenter"
Q1745,"city=Gaeta,age=57"
Q1746,"name=Isabella,city=Veneto"
Q1747,"name=Danilo,age=64"
Q1748,"name=Annibale,city=Spoleto,age=51,job=Exhibition designer"
Q1749,"name=Valerio,city=Perugia,age=53"
Q1750,"name=Susanna,city=Manduria"
Q1751,"age=43,job=Chief of Staff"
Q1752,"name=Damiano,city=CantÃ¹,age=19"
Q1753,"city=Pistoia,job=Psychologist clinical"
Q1754,"name=Coluccio,age=48"
Q1755,name=Serena
Q1756,"name=Michelangelo,city=Imola,age=59,job=Designer"
Q1757,name=Martina
Q1758,"city=Martina Franca,age=20,job=Surveyor insurance"
Q1759,"city=Campania,age=42,job=Teacher"
Q1760,"city=Aquila,age=62,job=Event organiser"
Q1761,age=42
Q1762,"city=Taormina,age=55"
Q1763,job=CEO
Q1764,age=41
Q1765,"city=Spoleto,age=59,job=Network engineer"
Q1766,"city=Liguria,age=57,job=Scientist research"
Q1767,"age=55,job=Microbiologist"
Q1768,"name=Daria,city=Milazzo,age=46,job=Network engineer"
Q1769,city=Licata
Q1770,name=Amadeo
Q1771,"name=Lodovico,city=Castelvetrano,age=38"
Q1772,"city=Este,job=Lecturer"
Q1773,"name=Giuliano,city=San Gimignano,age=57"
Q1774,"name=Francesca,age=57,job=Exhibition designer"
Q1775,"name=Piero,city=Torre Annunziata"
Q1776,"name=Melissa,job=Technical sales engineer"
Q1777,"city=Varallo,age=65"
Q1778,"city=Cosenza,age=34"
Q1779,"age=27,job=Science writer"
Q1780,"name=Ansaldo,age=58,job=Company secretary"
Q1781,"name=Flavia,age=27,job=Environmental manager"
Q1782,"age=38,job=Producer"
Q1783,"city=CittÃ  di Castello,age=48"
Q1784,"age=36,job=Automotive engineer"
Q1785,"name=Gioele,city=Cremona,age=24"
Q1786,"name=Ottavio,job=Warden"
Q1787,name=Barbara
Q1788,name=Dina
Q1789,"age=21,job=Associate Professor"
Q1790,"name=Serena,job=Politician's assistant"
Q1791,"age=63,job=Psychologist"
Q1792,"name=Valentina,city=Pistoia,age=40,job=Metallurgist"
Q1793,name=Raffaele
Q1794,"name=Vincenza,city=Casale Monferrato,job=Journalist magazine"
Q1795,"city=Gorgonzola,age=40,job=Doctor"
Q1796,"name=Liberto,city=Urbino,job=Psychotherapist"
Q1797,"age=19,job=Chief of Staff"
Q1798,"name=Gioachino,city=Civita Castellana"
Q1799,"name=Ermes,city=Acireale,age=43"
Q1800,"name=Severino,job=Ergonomist"
Q1801,"name=Gianmarco,job=Contractor"
Q1802,age=34
Q1803,age=59
Q1804,"city=Udine,job=Herbalist"
Q1805,"city=Vigevano,job=Data scientist"
Q1806,"name=Elena,city=Piazza Armerina,job=Scientist"
Q1807,"name=Fortunata,city=Centuripe,age=39,job=Designer graphic"
Q1808,"name=Fortunata,city=Asti,job=Dispensing optician"
Q1809,age=27
Q1810,"name=Lisa,city=Rovereto,age=60,job=Meteorologist"
Q1811,"name=Baldassare,city=Cuneo,age=57,job=Scientist"
Q1812,"city=Brindisi,job=Lecturer"
Q1813,"city=Trapani,age=20,job=CEO"
Q1814,"name=Gioele,city=Brindisi,age=32,job=Scientist marine"
Q1815,"name=Salvatore,age=48"
Q1816,"name=Aldo,age=55,job=Writer"
Q1817,"city=Verona,age=38"
Q1818,"name=Berenice,city=Casale Monferrato"
Q1819,"name=Jolanda,city=Sessa Aurunca"
Q1820,"name=Marcella,city=Saluzzo"
Q1821,"city=Belgioioso,age=47,job=Veterinary surgeon"
Q1822,city=Brescia
Q1823,"city=Vigevano,age=32"
Q1824,"city=Bassano del Grappa,age=36,job=Chief of Staff"
Q1825,"name=Marcella,city=Cassino,age=30,job=Meteorologist"
Q1826,name=Nina
Q1827,"name=Torquato,age=29,job=Veterinary surgeon"
Q1828,"city=Campobasso,age=53,job=Production assistant radio"
Q1829,"age=51,job=Scientist research"
Q1830,age=38
Q1831,"name=Victoria,city=Cremona,age=43"
Q1832,"city=San Severo,age=39,job=Artist"
Q1833,"city=Pisa,age=31"
Q1834,"city=Altamura,age=56"
Q1835,"name=Pomponio,city=Otranto,job=Passenger transport manager"
Q1836,"city=Alcamo,age=63"
Q1837,"name=Daria,city=Massa,age=62"
Q1838,age=62
Q1839,"name=Severino,city=Olbia,job=Psychologist clinical"
Q1840,"name=Isa,age=59"
Q1841,"name=Liana,city=Piedmont,age=38"
Q1842,"name=Marcantonio,city=Liguria,job=CEO"
Q1843,"city=Brescia,age=57"
Q1844,city=Sulmona
Q1845,job=Warden
Q1846,"name=Armando,age=56,job=Engineer aeronautical"
Q1847,"name=Dina,city=Cava de Tirreni,job=Lecturer"
Q1848,"city=Corato,age=35,job=Passenger transport manager"
Q1849,age=40
Q1850,"name=Michelotto,job=Company secretary"
Q1851,"name=Stefani,age=36,job=Librarian"
Q1852,age=34
Q1853,"name=Federica,city=Piacenza,job=Warden"
Q1854,"city=Torcello,age=65"
Q1855,"city=San Giovanni Rotondo,job=Pharmacist"
Q1856,"city=Gioia del Colle,age=39"
Q1857,"name=Pina,city=Nuoro"
Q1858,"name=Amadeo,age=32,job=Herbalist"
Q1859,"city=Empoli,age=21,job=Chemist"
Q1860,"name=Federico,age=31"
Q1861,age=25
Q1862,"name=Corrado,age=53,job=Records manager"
Q1863,"city=Novara,age=55"
Q1864,"age=57,job=Ergonomist"
Q1865,age=25
Q1866,age=45
Q1867,"city=Syracuse,age=19"
Q1868,"name=Giulia,age=50,job=Financial controller"
Q1869,"name=Cristina,age=26"
Q1870,"name=Donatella,city=Legnano,job=Technical sales engineer"
Q1871,"name=Pomponio,city=Olbia,age=35,job=Merchant navy officer"
Q1872,"name=Rossana,city=Ravenna,job=Science writer"
Q1873,"name=Franco,age=55"
Q1874,age=22
Q1875,city=Molise
Q1876,"name=Romolo,city=Ivrea"
Q1877,city=La Spezia
Q1878,"name=Evangelista,city=Grottaglie,job=Solicitor"
Q1879,age=57
Q1880,name=Claudia
Q1881,age=53
Q1882,"name=Melania,job=Engineer technical sales"
Q1883,"age=46,job=Engineer technical sales"
Q1884,"name=Federico,city=Altamura,job=Designer graphic"
Q1885,"name=Pina,age=35,job=Writer"
Q1886,"name=Fabio,city=Avellino,age=61"
Q1887,age=40
Q1888,age=42
Q1889,"name=Adelmo,city=Avellino,age=22,job=Meteorologist"
Q1890,"city=Ruvo di Puglia,job=Event organiser"
Q1891,"name=Antonina,age=22,job=Designer"
Q1892,job=Therapist sports
Q1893,name=Costanzo
Q1894,"name=Gaspare,city=Iglesias,age=65,job=Art therapist"
Q1895,"name=Giovanni,city=Teramo,age=36,job=Scientist"
Q1896,"city=Isernia,job=CEO"
Q1897,"name=Puccio,city=Andria"
Q1898,"name=Ronaldo,job=Pharmacist"
Q1899,"city=Udine,age=53,job=Psychotherapist"
Q1900,name=Angelina
Q1901,"city=Vittorio Veneto,age=34,job=Financial controller"
Q1902,"name=Flavio,job=Solicitor"
Q1903,"city=Brescia,job=CEO"
Q1904,name=Lucia
Q1905,"city=Carloforte,age=56,job=Herbalist"
Q1906,"city=Castel Gandolfo,age=40,job=Technical sales engineer"
Q1907,"city=Udine,age=38"
Q1908,"name=Mercedes,age=24"
Q1909,"name=Giada,city=Tuscany"
Q1910,age=55
Q1911,name=Tiziano
Q1912,"name=Alfredo,city=Nocera Inferiore,age=20"
Q1913,city=Montagnana
Q1914,"name=Livia,city=Alatri,age=41,job=Equality and diversity officer"
Q1915,"age=44,job=Company secretary"
Q1916,"city=Cosenza,age=47,job=Chief of Staff"
Q1917,"name=Angelo,age=32"
Q1918,"city=Grottaglie,job=Surveyor insurance"
Q1919,city=Pavia
Q1920,"name=Fabrizio,job=Chiropodist"
Q1921,"name=Fernanda,job=Haematologist"
Q1922,"city=Catania,age=34"
Q1923,"name=Romolo,job=Education officer"
Q1924,"name=Letizia,age=49"
Q1925,"name=Etta,city=San Severo"
Q1926,"city=Magenta,job=Tour manager"
Q1927,city=Verona
Q1928,"name=Giulio,age=53,job=Catering manager"
Q1929,"name=Ferdinando,city=Sesto San Giovanni,job=Barrister"
Q1930,"name=Ansaldo,age=30"
Q1931,"name=Griselda,city=Civitanova Marche,age=61,job=Production assistant radio"
Q1932,"age=65,job=Chiropodist"
Q1933,"name=Giovanni,city=Umbria"
Q1934,"city=Legnano,age=33,job=Education officer"
Q1935,"name=Rosina,city=Oristano,job=Television camera operator"
Q1936,"city=Saluzzo,age=56,job=Scientist research"
Q1937,"name=Pina,city=Foggia,age=39,job=Fashion designer"
Q1938,"name=Leone,city=Sulmona,age=53"
Q1939,"city=Bronte,age=20,job=Physiological scientist"
Q1940,"city=Otranto,age=34,job=Associate Professor"
Q1941,"name=Carmelo,city=Orvieto,age=23,job=Counsellor"
Q1942,age=57
Q1943,"name=Roberta,age=49,job=Chemist"
Q1944,"name=Francesca,job=Microbiologist"
Q1945,"city=Gubbio,age=32,job=Tour manager"
Q1946,"name=Martino,city=Mola di Bari,age=60"
Q1947,"name=Pina,age=57"
Q1948,city=Arezzo
Q1949,name=Nico
Q1950,"name=Simone,age=33,job=Metallurgist"
Q1951,city=Erice
Q1952,"age=27,job=Programmer multimedia"
Q1953,"city=Biella,job=Theatre director"
Q1954,"name=Iolanda,city=Corato,age=35,job=Restaurant manager"
Q1955,age=46
Q1956,"city=Pistoia,job=Restaurant manager"
Q1957,"age=32,job=Chemist"
Q1958,"name=Anita,city=Abruzzi"
Q1959,"name=Antonia,city=Belgioioso,job=Producer"
Q1960,name=Sandra
Q1961,"name=Armando,job=Pharmacist"
Q1962,age=50
Q1963,"name=Michelotto,age=27"
Q1964,"name=Massimiliano,age=65,job=Psychologist clinical"
Q1965,name=Danilo
Q1966,"name=Angelica,city=Macerata,age=53"
Q1967,"city=Campania,age=56"
Q1968,"name=Carmelo,city=Voghera"
Q1969,"name=Agostino,city=Molise,job=Contractor"
Q1970,"city=Tuscania,job=Ergonomist"
Q1971,"name=Stefani,age=59"
Q1972,age=20
Q1973,"name=Camillo,city=Olbia"
Q1974,"name=Amedeo,city=Veneto,age=20"
Q1975,"name=Claudia,city=Molise,job=Fashion designer"
Q1976,"name=Alberico,city=Marino,job=Metallurgist"
Q1977,"city=Benevento,age=39,job=Catering manager"
Q1978,"name=Adelmo,city=Formia,job=Technical sales engineer"
Q1979,"city=Sicily,age=29"
Q1980,"name=Vincenza,city=Gorizia,age=55,job=Counsellor"
Q1981,"name=Geronimo,city=Carpi"
Q1982,"name=Rolando,city=Frascati"
Q1983,"age=58,job=Meteorologist"
Q1984,"name=Lolita,city=Modena,age=51"
Q1985,"name=Marina,age=23,job=Lecturer"
Q1986,"name=Eliana,age=29"
Q1987,job=Network engineer
Q1988,"city=Pozzuoli,age=20"
Q1989,city=Perugia
Q1990,"name=Giulia,city=Cascina"
Q1991,"name=Alderano,city=Umbria,age=34,job=Art gallery manager"
Q1992,"name=Bernardo,city=Argenta,age=51,job=Physiological scientist"
Q1993,name=Agostino
Q1994,"name=Raimondo,job=Librarian"
Q1995,"name=Flavio,city=Valle dâ€™Aosta"
Q1996,"name=Rembrandt,age=24,job=Theatre director"
Q1997,job=Designer
Q1998,"name=Ignazio,city=Subiaco,job=Theatre director"
Q1999,name=Tiziano
Q2000,"name=Jacopo,city=Frosinone,age=56"
